{
    "cm1": {
        "1": {
            "n_acc": 0.8160000000000001,
            "w_acc": 0.8160000000000001,
            "a_acc": 0.8460000000000001,
            "n_time": 2250,
            "w_time": 2250,
            "a_time": 190742
        },
        "2": {
            "n_acc": 0.8780000000000001,
            "w_acc": 0.8160000000000001,
            "a_acc": 0.882,
            "n_time": 2209,
            "w_time": 2225,
            "a_time": 190102
        },
        "3": {
            "n_acc": 0.842,
            "w_acc": 0.8700000000000001,
            "a_acc": 0.876,
            "n_time": 2281,
            "w_time": 2265,
            "a_time": 188482
        },
        "5": {
            "n_acc": 0.868,
            "w_acc": 0.86,
            "a_acc": 0.8960000000000001,
            "n_time": 2337,
            "w_time": 2337,
            "a_time": 188438
        },
        "7": {
            "n_acc": 0.8939999999999999,
            "w_acc": 0.8720000000000001,
            "a_acc": 0.898,
            "n_time": 3703,
            "w_time": 3704,
            "a_time": 305195
        },
        "9": {
            "n_acc": 0.898,
            "w_acc": 0.884,
            "a_acc": 0.898,
            "n_time": 2860,
            "w_time": 2859,
            "a_time": 219661
        },
        "11": {
            "n_acc": 0.898,
            "w_acc": 0.8939999999999999,
            "a_acc": 0.898,
            "n_time": 2846,
            "w_time": 2843,
            "a_time": 234295
        },
        "13": {
            "n_acc": 0.898,
            "w_acc": 0.8939999999999999,
            "a_acc": 0.898,
            "n_time": 3180,
            "w_time": 3175,
            "a_time": 244351
        },
        "15": {
            "n_acc": 0.898,
            "w_acc": 0.8960000000000001,
            "a_acc": 0.898,
            "n_time": 2714,
            "w_time": 2709,
            "a_time": 232324
        }
    },
    "kc2": {
        "1": {
            "n_acc": 0.7042348008385744,
            "w_acc": 0.7042348008385744,
            "a_acc": 0.7177777777777778,
            "n_time": 3044,
            "w_time": 3044,
            "a_time": 469067
        },
        "2": {
            "n_acc": 0.7450733752620545,
            "w_acc": 0.7042348008385744,
            "a_acc": 0.7337526205450733,
            "n_time": 3262,
            "w_time": 3261,
            "a_time": 499809
        },
        "3": {
            "n_acc": 0.7316561844863733,
            "w_acc": 0.7284276729559749,
            "a_acc": 0.7197903563941301,
            "n_time": 3069,
            "w_time": 3067,
            "a_time": 502220
        },
        "5": {
            "n_acc": 0.7721593291404613,
            "w_acc": 0.7328721174004194,
            "a_acc": 0.708805031446541,
            "n_time": 3437,
            "w_time": 3444,
            "a_time": 558472
        },
        "7": {
            "n_acc": 0.7664989517819707,
            "w_acc": 0.7592872117400421,
            "a_acc": 0.6978197064989518,
            "n_time": 3594,
            "w_time": 3594,
            "a_time": 557592
        },
        "9": {
            "n_acc": 0.7737106918238994,
            "w_acc": 0.7687211740041929,
            "a_acc": 0.7019287211740043,
            "n_time": 3591,
            "w_time": 3591,
            "a_time": 561942
        },
        "11": {
            "n_acc": 0.7733752620545074,
            "w_acc": 0.7778197064989519,
            "a_acc": 0.7055765199161426,
            "n_time": 3336,
            "w_time": 3339,
            "a_time": 520769
        },
        "13": {
            "n_acc": 0.7658280922431866,
            "w_acc": 0.7677148846960168,
            "a_acc": 0.7200000000000001,
            "n_time": 3716,
            "w_time": 3714,
            "a_time": 537567
        },
        "15": {
            "n_acc": 0.7601677148846959,
            "w_acc": 0.769601677148847,
            "a_acc": 0.7177777777777778,
            "n_time": 3142,
            "w_time": 3142,
            "a_time": 472778
        }
    }
}